INSERT INTO roles (id, name) VALUES
('00000000-0000-0000-0000-000000000001', 'STUDENT'),
('00000000-0000-0000-0000-000000000002', 'INSTRUCTOR'),
('00000000-0000-0000-0000-000000000003', 'ADMIN')
ON CONFLICT DO NOTHING^^

INSERT INTO users (id, email, password_hash, first_name, last_name) VALUES
('10000000-0000-0000-0000-000000000001', 'alice@student.test', 'hash-alice', 'Alice', 'Ivanova'),
('10000000-0000-0000-0000-000000000002', 'bob@student.test', 'hash-bob', 'Bob', 'Petrov'),
('10000000-0000-0000-0000-000000000003', 'carol@student.test', 'hash-carol', 'Carol', 'Sidorova'),
('10000000-0000-0000-0000-000000000004', 'dmitry@student.test', 'hash-dmitry', 'Dmitry', 'Smirnov'),
('10000000-0000-0000-0000-000000000005', 'ivan@instructor.test', 'hash-ivan', 'Ivan', 'Teacher'),
('10000000-0000-0000-0000-000000000006', 'elena@instructor.test', 'hash-elena', 'Elena', 'Mentor'),
('10000000-0000-0000-0000-000000000007', 'admin@test', 'hash-admin', 'Admin', 'Root'),
('10000000-0000-0000-0000-000000000008', 'maria@instructor.test', 'hash-maria', 'Maria', 'Coach')
ON CONFLICT DO NOTHING^^

INSERT INTO user_roles (user_id, role_id) VALUES
('10000000-0000-0000-0000-000000000001', '00000000-0000-0000-0000-000000000001'),
('10000000-0000-0000-0000-000000000002', '00000000-0000-0000-0000-000000000001'),
('10000000-0000-0000-0000-000000000003', '00000000-0000-0000-0000-000000000001'),
('10000000-0000-0000-0000-000000000004', '00000000-0000-0000-0000-000000000001'),
('10000000-0000-0000-0000-000000000005', '00000000-0000-0000-0000-000000000002'),
('10000000-0000-0000-0000-000000000006', '00000000-0000-0000-0000-000000000002'),
('10000000-0000-0000-0000-000000000008', '00000000-0000-0000-0000-000000000002'),
('10000000-0000-0000-0000-000000000007', '00000000-0000-0000-0000-000000000003')
ON CONFLICT DO NOTHING^^

INSERT INTO categories (id, name, description) VALUES
('20000000-0000-0000-0000-000000000001', 'Programming', 'Software engineering and programming languages'),
('20000000-0000-0000-0000-000000000002', 'Data', 'Data analysis, SQL and BI'),
('20000000-0000-0000-0000-000000000003', 'Design', 'UX/UI and product design'),
('20000000-0000-0000-0000-000000000004', 'Management', 'Project and product management')
ON CONFLICT DO NOTHING^^

INSERT INTO courses (id, title, description, price, difficulty_level, status, category_id, instructor_id, published_at) VALUES
('30000000-0000-0000-0000-000000000001', 'Java Backend Intensive', 'Spring Boot, REST and persistence', 14990.00, 'INTERMEDIATE', 'PUBLISHED', '20000000-0000-0000-0000-000000000001', '10000000-0000-0000-0000-000000000005', CURRENT_TIMESTAMP),
('30000000-0000-0000-0000-000000000002', 'SQL Analytics', 'Advanced analytical SQL for PostgreSQL', 9900.00, 'ADVANCED', 'PUBLISHED', '20000000-0000-0000-0000-000000000002', '10000000-0000-0000-0000-000000000006', CURRENT_TIMESTAMP),
('30000000-0000-0000-0000-000000000003', 'UX Research Basics', 'Research methods for digital products', 5950.00, 'BEGINNER', 'PUBLISHED', '20000000-0000-0000-0000-000000000003', '10000000-0000-0000-0000-000000000008', CURRENT_TIMESTAMP),
('30000000-0000-0000-0000-000000000004', 'Product Management', 'Roadmaps, metrics and delivery', 12000.00, 'INTERMEDIATE', 'DRAFT', '20000000-0000-0000-0000-000000000004', '10000000-0000-0000-0000-000000000008', NULL),
('30000000-0000-0000-0000-000000000005', 'MongoDB for Apps', 'Document modeling and Spring Data MongoDB', 8990.00, 'BEGINNER', 'PUBLISHED', '20000000-0000-0000-0000-000000000001', '10000000-0000-0000-0000-000000000005', CURRENT_TIMESTAMP)
ON CONFLICT DO NOTHING^^

UPDATE courses
SET price = CASE id
    WHEN '30000000-0000-0000-0000-000000000001' THEN 14990.00
    WHEN '30000000-0000-0000-0000-000000000002' THEN 9900.00
    WHEN '30000000-0000-0000-0000-000000000003' THEN 5950.00
    WHEN '30000000-0000-0000-0000-000000000004' THEN 12000.00
    WHEN '30000000-0000-0000-0000-000000000005' THEN 8990.00
    ELSE price
END
WHERE id IN (
    '30000000-0000-0000-0000-000000000001',
    '30000000-0000-0000-0000-000000000002',
    '30000000-0000-0000-0000-000000000003',
    '30000000-0000-0000-0000-000000000004',
    '30000000-0000-0000-0000-000000000005'
) AND price < 1000^^

INSERT INTO course_modules (id, course_id, title, description, position) VALUES
('40000000-0000-0000-0000-000000000001', '30000000-0000-0000-0000-000000000001', 'Spring Boot Core', 'Application structure and REST', 1),
('40000000-0000-0000-0000-000000000002', '30000000-0000-0000-0000-000000000001', 'Persistence', 'JPA and transactions', 2),
('40000000-0000-0000-0000-000000000003', '30000000-0000-0000-0000-000000000002', 'SQL Aggregations', 'JOIN, GROUP BY, HAVING', 1),
('40000000-0000-0000-0000-000000000004', '30000000-0000-0000-0000-000000000003', 'Research Process', 'Interviews and personas', 1),
('40000000-0000-0000-0000-000000000005', '30000000-0000-0000-0000-000000000005', 'Documents', 'Collections and flexible schema', 1)
ON CONFLICT DO NOTHING^^

INSERT INTO lessons (id, module_id, title, content_url, duration_minutes, position, is_free_preview) VALUES
('50000000-0000-0000-0000-000000000001', '40000000-0000-0000-0000-000000000001', 'REST Controllers', 'https://cdn.test/java/rest', 45, 1, TRUE),
('50000000-0000-0000-0000-000000000002', '40000000-0000-0000-0000-000000000001', 'Validation and DTO', 'https://cdn.test/java/dto', 35, 2, FALSE),
('50000000-0000-0000-0000-000000000003', '40000000-0000-0000-0000-000000000002', 'JPA Mapping', 'https://cdn.test/java/jpa', 55, 1, FALSE),
('50000000-0000-0000-0000-000000000004', '40000000-0000-0000-0000-000000000003', 'Window Functions', 'https://cdn.test/sql/windows', 50, 1, TRUE),
('50000000-0000-0000-0000-000000000005', '40000000-0000-0000-0000-000000000004', 'User Interviews', 'https://cdn.test/ux/interviews', 30, 1, TRUE),
('50000000-0000-0000-0000-000000000006', '40000000-0000-0000-0000-000000000005', 'MongoDB Documents', 'https://cdn.test/mongo/docs', 40, 1, TRUE)
ON CONFLICT DO NOTHING^^

INSERT INTO assignments (id, lesson_id, title, description, max_score, deadline_days) VALUES
('60000000-0000-0000-0000-000000000001', '50000000-0000-0000-0000-000000000001', 'Build a REST endpoint', 'Create controller and DTO', 10.00, 7),
('60000000-0000-0000-0000-000000000002', '50000000-0000-0000-0000-000000000003', 'Map JPA entities', 'Create entity relationships', 20.00, 10),
('60000000-0000-0000-0000-000000000003', '50000000-0000-0000-0000-000000000004', 'Rank students', 'Use SQL window functions', 15.00, 5),
('60000000-0000-0000-0000-000000000004', '50000000-0000-0000-0000-000000000005', 'Interview script', 'Prepare UX interview guide', 10.00, 4)
ON CONFLICT DO NOTHING^^

INSERT INTO enrollments (id, student_id, course_id, progress_percent, status) VALUES
('70000000-0000-0000-0000-000000000001', '10000000-0000-0000-0000-000000000001', '30000000-0000-0000-0000-000000000001', 0, 'ACTIVE'),
('70000000-0000-0000-0000-000000000002', '10000000-0000-0000-0000-000000000002', '30000000-0000-0000-0000-000000000001', 0, 'ACTIVE'),
('70000000-0000-0000-0000-000000000003', '10000000-0000-0000-0000-000000000003', '30000000-0000-0000-0000-000000000002', 0, 'ACTIVE'),
('70000000-0000-0000-0000-000000000004', '10000000-0000-0000-0000-000000000004', '30000000-0000-0000-0000-000000000003', 0, 'ACTIVE'),
('70000000-0000-0000-0000-000000000005', '10000000-0000-0000-0000-000000000002', '30000000-0000-0000-0000-000000000005', 0, 'ACTIVE')
ON CONFLICT DO NOTHING^^

INSERT INTO payments (id, student_id, course_id, amount, status, paid_at) VALUES
('80000000-0000-0000-0000-000000000001', '10000000-0000-0000-0000-000000000001', '30000000-0000-0000-0000-000000000001', 14990.00, 'PAID', CURRENT_TIMESTAMP),
('80000000-0000-0000-0000-000000000002', '10000000-0000-0000-0000-000000000002', '30000000-0000-0000-0000-000000000001', 14990.00, 'PAID', CURRENT_TIMESTAMP),
('80000000-0000-0000-0000-000000000003', '10000000-0000-0000-0000-000000000003', '30000000-0000-0000-0000-000000000002', 9900.00, 'PAID', CURRENT_TIMESTAMP),
('80000000-0000-0000-0000-000000000004', '10000000-0000-0000-0000-000000000004', '30000000-0000-0000-0000-000000000003', 5950.00, 'FAILED', NULL),
('80000000-0000-0000-0000-000000000005', '10000000-0000-0000-0000-000000000002', '30000000-0000-0000-0000-000000000005', 8990.00, 'PENDING', NULL)
ON CONFLICT DO NOTHING^^

UPDATE payments
SET amount = CASE id
    WHEN '80000000-0000-0000-0000-000000000001' THEN 14990.00
    WHEN '80000000-0000-0000-0000-000000000002' THEN 14990.00
    WHEN '80000000-0000-0000-0000-000000000003' THEN 9900.00
    WHEN '80000000-0000-0000-0000-000000000004' THEN 5950.00
    WHEN '80000000-0000-0000-0000-000000000005' THEN 8990.00
    ELSE amount
END
WHERE id IN (
    '80000000-0000-0000-0000-000000000001',
    '80000000-0000-0000-0000-000000000002',
    '80000000-0000-0000-0000-000000000003',
    '80000000-0000-0000-0000-000000000004',
    '80000000-0000-0000-0000-000000000005'
) AND amount < 1000^^

INSERT INTO lesson_progress (id, enrollment_id, lesson_id) VALUES
('90000000-0000-0000-0000-000000000001', '70000000-0000-0000-0000-000000000001', '50000000-0000-0000-0000-000000000001'),
('90000000-0000-0000-0000-000000000002', '70000000-0000-0000-0000-000000000001', '50000000-0000-0000-0000-000000000002'),
('90000000-0000-0000-0000-000000000003', '70000000-0000-0000-0000-000000000001', '50000000-0000-0000-0000-000000000003'),
('90000000-0000-0000-0000-000000000004', '70000000-0000-0000-0000-000000000002', '50000000-0000-0000-0000-000000000001'),
('90000000-0000-0000-0000-000000000005', '70000000-0000-0000-0000-000000000003', '50000000-0000-0000-0000-000000000004')
ON CONFLICT DO NOTHING^^

INSERT INTO submissions (id, assignment_id, student_id, answer_text, status) VALUES
('a0000000-0000-0000-0000-000000000001', '60000000-0000-0000-0000-000000000001', '10000000-0000-0000-0000-000000000001', 'Implemented controller with DTO validation.', 'CHECKED'),
('a0000000-0000-0000-0000-000000000002', '60000000-0000-0000-0000-000000000002', '10000000-0000-0000-0000-000000000001', 'Mapped all entities.', 'CHECKED'),
('a0000000-0000-0000-0000-000000000003', '60000000-0000-0000-0000-000000000003', '10000000-0000-0000-0000-000000000003', 'Used RANK over total score.', 'CHECKED')
ON CONFLICT DO NOTHING^^

INSERT INTO grades (id, submission_id, grader_id, score, feedback) VALUES
('b0000000-0000-0000-0000-000000000001', 'a0000000-0000-0000-0000-000000000001', '10000000-0000-0000-0000-000000000005', 9.00, 'Good REST layering.'),
('b0000000-0000-0000-0000-000000000002', 'a0000000-0000-0000-0000-000000000002', '10000000-0000-0000-0000-000000000005', 18.00, 'Correct relationships.'),
('b0000000-0000-0000-0000-000000000003', 'a0000000-0000-0000-0000-000000000003', '10000000-0000-0000-0000-000000000006', 14.00, 'Window function is correct.')
ON CONFLICT DO NOTHING^^
